{
    "roc_auc": 0.9951923076923077,
    "pr_auc": 0.9954687157571773,
    "num_test_samples": 50
}