{
    "roc_auc": 0.9632000000000001,
    "pr_auc": 0.9449641378966727,
    "num_test_samples": 50
}